x,y,z,time
0.0,0.0,0.0,0.0
0.0,0.0,0.0,0.1
0.004967141530112327,-0.0013826430117118468,0.006476885381006926,0.2
0.025164581624304908,-0.005106819770657053,0.010612401192522046,0.30000000000000004
0.0611541498735714,-0.0011566492380731715,0.010053173144687644,0.4
0.10256931855869755,-0.0018406556336139127,0.004836647561150673,0.5
0.14640410995948405,-0.021657464475732635,-0.017629056347516627,0.6000000000000001
0.18461602606786082,-0.051602584521195594,-0.03695228693023119,0.7000000000000001
0.21374770142102545,-0.09567074158001146,-0.04161902982373021,0.8
0.24062161376932473,-0.1390636165919481,-0.0605332545793638,0.9
0.2620516988723722,-0.18134726570678608,-0.09095741510922042,1.0
0.28723876415887634,-0.2296373017208121,-0.12429851313700982,1.1
0.30640876332308653,-0.25940455588974876,-0.15777458341217854,1.2000000000000002
0.31500165319773776,-0.2809463609376535,-0.2034590901870575,1.3
0.32568317902243654,-0.32208486722435603,-0.2624254574509207,1.4000000000000001
0.33833331720582654,-0.35583870771110443,-0.31967814190288424,1.5
0.3498269725653341,-0.3926035851537457,-0.3917160462585221,1.6
0.3541221858408946,-0.43397485030598487,-0.4531827283519707,1.7000000000000002
0.36185358201213974,-0.4929765170118514,-0.5114085707514714,1.8
0.3657341553792217,-0.5587474037207775,-0.5635176502625634,1.9000000000000001
0.3799247239712632,-0.6152054892385416,-0.6240189050058818,2.0
0.39102316880479254,-0.6683509404422701,-0.6747647084779765,2.1
0.39732987125986896,-0.7233529814126367,-0.7365738616901316,2.2
0.3916745074741387,-0.7702297641590614,-0.7848206146165785,2.3000000000000003
0.38529904247260505,-0.8070712179265658,-0.8294510072925491,2.4000000000000004
0.3724723799250202,-0.8402987156389861,-0.8587010343038599,2.5
0.3592874569863358,-0.8578797767932663,-0.9141485123560682,2.6
0.35432155909140367,-0.8745903672651648,-0.9725860639129351,2.7
0.35027326896182653,-0.9111766468830722,-1.0332203343481772,2.8000000000000003
0.34979610454736687,-0.9329839860535645,-1.0990373069661556,2.9000000000000004
0.34123400410397536,-0.9598088956599021,-1.1557002584071134,3.0
0.33595941475718066,-0.9919314073039102,-1.2072305355169377,3.1
0.33165560090386637,-1.0143674690425892,-1.2657813435655354,3.2
0.3240751655845744,-1.04072461231259,-1.3389673010954544,3.3000000000000003
0.3194559330359282,-1.0644712028607917,-1.4121021240589486,3.4000000000000004
0.3124908291535305,-1.1023715008294976,-1.4894434002500967,3.5
0.3020985801058651,-1.1482945714904198,-1.5683975335579048,3.6
0.2957468396263451,-1.1753557831392367,-1.6456058887373946,3.7
0.29197060305405276,-1.2031614539457152,-1.7420019560698745,3.8000000000000003
0.28792922772726826,-1.2303648226527835,-1.8137656022775017,3.9000000000000004
0.2819642427526725,-1.2545527179365157,-1.8858763661821814,4.0
0.26431247740188146,-1.2673123850750976,-1.9504677997599933,4.1000000000000005
0.2545710315215209,-1.289165926761627,-2.001031290228444,4.2
0.2308110750132375,-1.3051508975101536,-2.029690224438795,4.3
0.19714575525364722,-1.326798845554708,-2.0573526449982698,4.4
0.15844567895289494,-1.3639534279099237,-2.084329435809684,4.5
0.10912256551488161,-1.3963720859587876,-2.120500468963437,4.6000000000000005
0.07529879612704368,-1.4366232769310139,-2.159892117279246,4.7
0.04961019891290244,-1.4891831110675797,-2.197009166249014,4.800000000000001
0.03699302924158549,-1.5578177775497577,-2.232279876633459,4.9
0.026974687512752775,-1.6186342153141626,-2.2799200941266844,5.0
0.003751779653077294,-1.6742312374223987,-2.3245904648875784,5.1000000000000005
-0.016966199703139423,-1.7263637774356648,-2.376061082864257,5.2
-0.0353616420877461,-1.7755655927159442,-2.4346752150211994,5.300000000000001
-0.035099339360905216,-1.8200290787871056,-2.5052023821501685,5.4
-0.028271500547726033,-1.8742393815605403,-2.567858703241713,5.5
-0.009857705944472807,-1.9366565075174922,-2.6208812630408143,5.6000000000000005
0.012683897928145404,-1.990853031874499,-2.654935893013376,5.7
0.03277162064073491,-2.0525869178750806,-2.697885667282193,5.800000000000001
0.04470124050367003,-2.1150918209698033,-2.7374239218028436,5.9
0.059397768359905345,-2.169324891574166,-2.776832157404715,6.0
0.08862963698771383,-2.226204530510908,-2.78903870134069,6.1000000000000005
0.12411817909317237,-2.291655745011813,-2.8119541702572763,6.2
0.16443144535106277,-2.359341587365977,-2.827729634232942,6.300000000000001
0.2094770878546886,-2.427755718846709,-2.8519730353892916,6.4
0.2393742581114558,-2.5006349998481117,-2.8676524486024064,6.5
0.27141236580952505,-2.585971668636634,-2.8816000525570096,6.6000000000000005
0.30730364730488263,-2.6801469117871677,-2.8940104054521574,6.7
0.34377701598470023,-2.7857518579160074,-2.9028428847438223,6.800000000000001
0.3858582299282002,-2.8805262916130947,-2.901137343515138,6.9
0.4141627501921292,-2.984678975709333,-2.8942814496143674,7.0
0.44760512996518037,-3.083681182942511,-2.8488982408070496,7.1000000000000005
0.4867564148451632,-3.1713277337738828,-2.7939750143647997,7.2
0.532421612238204,-3.262126977051658,-2.731462095717617,7.300000000000001
0.5703585574858689,-3.3552944063968337,-2.6738028125487254,7.4
0.6091142441273972,-3.425315250075274,-2.634816181305751,7.5
0.6547325326726706,-3.511463252465611,-2.6005488687206713,7.6000000000000005
0.7112403271876176,-3.596968454664993,-2.5770590039148846,7.7
0.760595084609965,-3.6756776793750285,-2.560872805426269,7.800000000000001
0.8121144279281322,-3.753931185686026,-2.551202610413712,7.9
0.8850732121395526,-3.825845501773843,-2.5617838412677307,8.0
0.9598965394986673,-3.9043776825093444,-2.5638407387737874,8.1
1.026794659473455,-3.9840572276595143,-2.5608477634900395,8.200000000000001
1.1023503313899439,-4.075739736880243,-2.561199800564701,8.3
1.1731565501948231,-4.173955538426708,-2.5438972952365515,8.4
1.248012586109312,-4.284780179516523,-2.5174161704378544,8.5
1.3440901839939272,-4.385280168000827,-2.5061287452986973,8.6
1.43532544114988,-4.473111044993265,-2.501918014815728,8.700000000000001
1.5309988925872948,-4.553195581451409,-2.5069765890485396,8.8
1.6260770904640918,-4.665692791310245,-2.522279039694694,8.9
1.718629606826957,-4.790667832988729,-2.521257377301532,9.0
1.7968807094102162,-4.920043319534182,-2.5189283091355095,9.1
1.8895445448841364,-5.06377742759143,-2.504967603447937,9.200000000000001
1.9823107109682525,-5.217326622159157,-2.486385863017732,9.3
2.0770674740081034,-5.3768779854984725,-2.4671061017376266,9.4
2.1679711010793365,-5.535294175385276,-2.441205033712311,9.5
2.2747348963120233,-5.706088520260347,-2.3939736319404323,9.600000000000001
2.361977813549485,-5.878400716085774,-2.340859058103708,9.700000000000001
2.452030649464297,-6.056939907109407,-2.2898257067705567,9.8
2.537153476032521,-6.241372745702482,-2.230296334467195,9.9
2.625846457460395,-6.4327346802481635,-2.161770963409501,10.0
2.717612434097035,-6.615967993605455,-2.0869493039325704,10.100000000000001
2.8010884606244546,-6.804803117364717,-2.0046547084044075,10.200000000000001
2.8906681898062088,-6.99384725706362,-1.9211868390431568,10.3
2.9930245679458474,-7.188807110650881,-1.8322479958702056,10.4
3.093359019561147,-7.385943776270415,-1.7323213841773826,10.5
3.2019476346663267,-7.574945345529943,-1.6193399844130163,10.600000000000001
3.310746288187834,-7.7571273850765206,-1.5094612522145845,10.700000000000001
3.4227866052342257,-7.940610855166775,-1.3986125603662256,10.8
3.5407784925349866,-8.132276532089364,-1.266839995761012,10.9
3.6487102060207506,-8.33608409513983,-1.1234863224207976,11.0
3.764558546446144,-8.533650460019775,-0.9738491939879406,11.100000000000001
3.880284419143068,-8.740189368614578,-0.8234540199731462,11.200000000000001
3.989238674724871,-8.936977079875204,-0.6745294197733732,11.3
4.089937958338749,-9.13697864955236,-0.5214755050308439,11.4
4.184999996424587,-9.34520242318518,-0.3659847181733956,11.5
4.282511700221512,-9.55849562857171,-0.2152043143721305,11.600000000000001
4.382343903392014,-9.786269677373216,-0.07849854831463096,11.700000000000001
4.474991664349991,-10.01617819769184,0.061316293398848615,11.8
4.582392987477464,-10.237510121778442,0.19953174981269392,11.9
4.68960414852591,-10.468867339511423,0.3375620748666153,12.0
4.793928723185155,-10.696997371641023,0.46732009048501344,12.100000000000001
4.903446762986811,-10.909800014640599,0.5959905046188431,12.200000000000001
5.016981920009457,-11.115701217723062,0.7206487140338143,12.3
5.132758001850207,-11.321476496797708,0.8462836844342738,12.4
5.240803985852402,-11.527006674129764,0.9768986377471879,12.5
5.363361405932547,-11.722944143200968,1.1290454156352174,12.600000000000001
5.478245350383813,-11.910158405904964,1.2830256135806306,12.700000000000001
5.615027324167254,-12.105455651462512,1.428608593104236,12.8
5.745815371496256,-12.321991854263159,1.5689340224110337,12.9
5.869012092209721,-12.537024119199042,1.7126770114756031,13.0
6.010970521315345,-12.742552145753066,1.8506509639835484,13.100000000000001
6.143944803707485,-12.943160980592026,1.9754225844212874,13.200000000000001
6.295233673758168,-13.131975414223772,2.0955024483379794,13.3
6.429391198517942,-13.307251124113865,2.214436913802145,13.4
6.575926886397451,-13.4984711105919,2.327377629036773,13.5
6.722515011274143,-13.689221291132288,2.435817689556609,13.600000000000001
6.875331635474309,-13.890647675966502,2.5428339552262313,13.700000000000001
7.029351215991594,-14.086929672460128,2.6569663696767427,13.8
7.1721243755905,-14.29855281066111,2.783875552346239,13.9
7.3182206753092025,-14.517660814227659,2.926296254770961,14.0
7.4654737213708335,-14.72497584595357,3.069392142009784,14.100000000000001
7.633334246681285,-14.914737469255048,3.2099983877638163,14.200000000000001
7.8109104815012795,-15.098045333060675,3.364290949093172,14.3
7.978837481715473,-15.274492682266317,3.5291677552910237,14.4
8.129177087065436,-15.462772616598617,3.673652239711274,14.5
8.276822624070952,-15.643877128372957,3.833160294652485,14.600000000000001
8.425209108880667,-15.808695484691585,3.9788673350115467,14.700000000000001
8.55656176929683,-15.974069317999179,4.128415029860002,14.8
8.68758748223205,-16.160117572307172,4.277071524313329,14.9
8.805568500162224,-16.339469101126863,4.4293940012276245,15.0
8.914150720229124,-16.523959299119923,4.571124342923031,15.100000000000001
9.022106149323292,-16.69889807390797,4.702997424155081,15.200000000000001
9.135102043572639,-16.87913942487974,4.8269417770645076,15.3
9.24702763422244,-17.069733199075703,4.945349636920463,15.4
9.346974445946351,-17.240679721942502,5.064110132296136,15.5
9.439924002590338,-17.409486445701962,5.1817473471749,15.600000000000001
9.530663863238992,-17.572151502460986,5.306959639154138,15.700000000000001
9.61609871241154,-17.740574741626457,5.429421414161858,15.8
9.678514349936734,-17.924149891413915,5.565551931844024,15.9
9.75737966459694,-18.110215401596935,5.7074480191567485,16.0
9.839357480802581,-18.265492103695404,5.860539855583818,16.1
9.920056121093415,-18.430324210199878,5.997567228808312,16.2
10.002789397742921,-18.602719824157194,6.120372064936829,16.3
10.079056945550002,-18.785930918150655,6.2600483174160715,16.400000000000002
10.164140890926578,-18.96922173855728,6.414524011284215,16.5
10.24999851937963,-19.161125400977188,6.5842309459250545,16.6
10.341245248269528,-19.36340152494036,6.752034493785058,16.7
10.423735794625578,-19.57950564621318,6.929099817120378,16.8
10.525320507386331,-19.809595443224186,7.111794832822604,16.900000000000002
10.620398794455864,-20.04455649407284,7.2885659092824415,17.0
10.7068371738286,-20.279032328642046,7.457027484578168,17.1
10.795980121459133,-20.514010544305744,7.62309957940523,17.2
10.87604743246925,-20.754756473275126,7.796725586490551,17.3
10.96112391535561,-21.00527795469249,7.971344916630163,17.400000000000002
11.053714269475691,-21.27249348892107,8.151397848693575,17.5
11.139678386006311,-21.53400303646372,8.323818189191561,17.6
11.207593681530287,-21.8117880083852,8.496719379156161,17.7
11.278106202071479,-22.098616146557724,8.676006493708535,17.8
11.33200352198998,-22.38610508271672,8.843183446263284,17.900000000000002
11.37938248083046,-22.673120032162554,9.001756265165193,18.0
11.42291588422864,-22.950072053516244,9.154560165371871,18.1
11.474806208747474,-23.23832114341651,9.312662107357703,18.2
11.541112219472884,-23.551286678318046,9.46279509678883,18.3
11.613188951470102,-23.866282667080014,9.616639544953669,18.400000000000002
11.67922583160016,-24.180412757967254,9.768927220764589,18.5
11.756940532346817,-24.491998640421482,9.92459092319626,18.6
11.83053646343225,-24.808460585116432,10.075929043749733,18.7
11.908076915941464,-25.129132374619587,10.230164912872171,18.8
12.006371376437134,-25.441092917088426,10.381140546672931,18.900000000000002
12.116677976154442,-25.75713421328748,10.511734935121913,19.0
12.216903712762576,-26.09188342869679,10.638814188730482,19.1
12.317313633162607,-26.40986827098335,10.769162716076693,19.200000000000003
12.415532548274548,-26.719559057458074,10.877399890332825,19.3
12.516107608967575,-27.02154119199393,10.970851202131158,19.400000000000002
12.628120210092671,-27.320138362454838,11.060149634790482,19.5
12.74646062987883,-27.596028604337704,11.151266730000392,19.6
12.867283255527994,-27.876512455215973,11.233885381515654,19.700000000000003
12.996409239342599,-28.16555714435333,11.317219695403109,19.8
13.120758648689554,-28.449812035233222,11.403890630343435,19.900000000000002
13.255483457479087,-28.739167090101663,11.487862815930827,20.0
13.380420629110798,-29.032965077570864,11.575608006448666,20.1
13.512927686908961,-29.335984718281843,11.672049256167563,20.200000000000003
13.658991123295174,-29.634870009960583,11.78725846401204,20.3
13.797316667690351,-29.946201848672438,11.884680469367476,20.400000000000002
13.95060265520042,-30.250990030820752,11.981546628013806,20.5
14.106688328973688,-30.56703310344205,12.102870306456305,20.6
14.264066214566707,-30.881982228117298,12.23145165113779,20.700000000000003
14.426254192477094,-31.194692512549757,12.352128251264823,20.8
14.59315685395884,-31.488582552017466,12.486259051853406,20.900000000000002
14.77599138170698,-31.787584748249486,12.610493804239402,21.0
14.957568040254124,-32.08602969535862,12.745670471810108,21.1
15.12222005250412,-32.36917913927314,12.879267060395025,21.200000000000003
15.282603254054642,-32.66244962694027,12.996315082261283,21.3
15.451218161444784,-32.95498693493552,13.10046349513013,21.400000000000002
15.606882281114288,-33.250882089923664,13.221302123251872,21.5
15.759950487270157,-33.56180867444299,13.339683320732755,21.6
15.91029145772855,-33.899704125391736,13.45752156954846,21.700000000000003
16.058323082884854,-34.23063751269235,13.593849379313617,21.8
16.21762035833664,-34.5642597868985,13.719111929991358,21.900000000000002
16.40265123182092,-34.89728987676452,13.844513773588229,22.0
16.5874408544341,-35.22833911902285,13.96847201306586,22.1
16.766493856978478,-35.56485695069359,14.09210271984133,22.200000000000003
16.940112611811518,-35.908503240191095,14.21679772889372,22.3
17.111181594470352,-36.23710959980278,14.31498303986218,22.400000000000002
17.29316564564841,-36.553255107489484,14.392434448506558,22.5
17.471722820885667,-36.87311502383615,14.455810740203757,22.6
17.642501829247013,-37.20408069863747,14.536709736335194,22.700000000000003
17.822637621539833,-37.52233082248885,14.624825453107063,22.8
17.99148289612048,-37.845826149003024,14.71783491549121,22.900000000000002
18.14810689261221,-38.16219149121548,14.808441123893775,23.0
18.30098268102844,-38.4714472337459,14.903489965411202,23.1
18.450248807786483,-38.76910967824268,14.98772817365263,23.200000000000003
18.60567429061397,-39.06084111015977,15.068870917500918,23.3
18.764361103663873,-39.365083677840715,15.159253931541276,23.400000000000002
18.92119889534935,-39.67455347572685,15.260127037840002,23.5
19.070993250129398,-39.998107886576626,15.345433852403488,23.6
19.2268477044229,-40.33446659095136,15.448288608786818,23.700000000000003
19.36188286463757,-40.65386073164319,15.553253539842174,23.8
19.495950893733532,-40.97870406320312,15.662209832041052,23.900000000000002
19.629642575805246,-41.29251437594288,15.77230840072655,24.0
19.76483727549158,-41.60996081080478,15.881837513174837,24.1
19.903109992866835,-41.94450892959324,15.977884771402067,24.200000000000003
20.048815351182316,-42.27734839400043,16.07209219626577,24.3
20.19470504882845,-42.606712041353994,16.16090202432638,24.400000000000002
20.33281169922056,-42.93411723615658,16.239928124610838,24.5
20.475000877169816,-43.27854826700155,16.329245781268554,24.6
20.621916029943204,-43.620419000503375,16.428390347765724,24.700000000000003
20.78548592716122,-43.95214603335502,16.50912617194958,24.8
20.936260054711873,-44.29012125198363,16.59012290663554,24.900000000000002
21.09221077246722,-44.63535390874377,16.672987308966274,25.0
21.240607660899034,-44.98670174353383,16.741785100328524,25.1
21.37977221686974,-45.35156642438005,16.800824159161003,25.200000000000003
21.529473190806524,-45.725925094114594,16.886187038641854,25.3
21.684107343752117,-46.09843540261219,16.962966340320893,25.400000000000002
21.845744595491798,-46.47670208937216,17.040965740146387,25.5
22.03298269261417,-46.85592937512938,17.130457873234736,25.6
22.21318902548528,-47.235506545791566,17.23765801267944,25.700000000000003
22.387125687778514,-47.596959230873786,17.3519356714787,25.8
22.555437682312807,-47.95208783856545,17.475938874774226,25.900000000000002
22.72996777646927,-48.32291869345602,17.592670706311505,26.0
22.902022684270218,-48.69449388263759,17.71560925882429,26.1
23.075854602080497,-49.07942251540626,17.842349789847134,26.200000000000003
23.255792377343614,-49.45875324369562,17.979898128125527,26.3
23.44406937415222,-49.833492171192695,18.11674480928933,26.400000000000002
23.61573676162567,-50.20393491649844,18.255668367324766,26.5
23.790119937471072,-50.58714514756239,18.38378135995612,26.6
23.975034641849803,-50.970750930164904,18.5187093595612,26.700000000000003
24.160232529989838,-51.35405915137247,18.66302019722604,26.8
24.3402699708477,-51.73640616481062,18.802708282003827,26.900000000000002
24.51596244943124,-52.121844899483456,18.944617704497954,27.0
24.686867441798142,-52.494726072900555,19.077581053969887,27.1
24.855903717723432,-52.8720045569004,19.225014182285356,27.200000000000003
25.02690554141384,-53.23896459550556,19.357591706870455,27.3
25.200577867762938,-53.59702832615448,19.49099207134831,27.400000000000002
25.38490499786269,-53.96026494130441,19.638485910228017,27.5
25.592221109198636,-54.32712994205873,19.781524723893718,27.6
25.814071065305757,-54.67819922135575,19.919334937287886,27.700000000000003
26.03171915324192,-55.032086346741366,20.04370064557171,27.8
26.24018072171324,-55.39601487979451,20.160388378204495,27.900000000000002
26.448295441310695,-55.75760126552228,20.29258111576542,28.0
26.64642662050076,-56.10934442726529,20.42263396488409,28.1
26.8440631625943,-56.45433939408664,20.541459593787135,28.200000000000003
27.04552380214968,-56.797669838825854,20.66520973533026,28.3
27.24987612814414,-57.11644728216596,20.782582477030875,28.400000000000002
27.44891848458858,-57.44145613077031,20.894400447539887,28.5
27.641586969759956,-57.75457481406359,21.020423460528797,28.6
27.828547991993837,-58.07601705308791,21.151160629081573,28.700000000000003
28.009986783784907,-58.391129973934675,21.28392702784286,28.8
28.176268134426007,-58.69076784276814,21.434652203335105,28.900000000000002
28.33642159816226,-58.99428272720096,21.5882360327346,29.0
28.499919629798384,-59.29121216890706,21.761921907521756,29.1
28.661648189159568,-59.59612458305854,21.921814590028767,29.200000000000003
28.816067448121334,-59.90136826693876,22.099652851170955,29.3
28.96531059409274,-60.20437407130259,22.277326883352416,29.400000000000002
29.126437672798623,-60.48211055140768,22.44969222780467,29.5
29.282670357079326,-60.74940542274208,22.628876487153192,29.6
29.457370114617387,-61.010861012223224,22.804467825593843,29.700000000000003
29.637976420462373,-61.26122956589854,22.988263985846466,29.8
29.823655466618433,-61.50093137267796,23.183753102003546,29.900000000000002
30.02315610268487,-61.73414608058149,23.37757103735746,30.0
30.224123875615636,-61.95529569881993,23.563219616001497,30.1
30.428778381635134,-62.180378705181646,23.749155642874886,30.200000000000003
30.6462174062807,-62.40355072086316,23.935556035229837,30.3
30.850057869516473,-62.619260200884405,24.128411269396196,30.400000000000002
31.075530879985298,-62.83804746325518,24.323458006839196,30.5
31.30349772729123,-63.04106019282832,24.517551788958325,30.6
31.534254789854867,-63.23799395730429,24.71351166230902,30.700000000000003
31.760547516272997,-63.43298682185128,24.920207853158313,30.8
31.97657508969702,-63.626649989656805,25.119902835858213,30.900000000000002
32.204553129410286,-63.83554502651017,25.314008600085398,31.0
32.436303287874196,-64.02878482307118,25.50745686170185,31.1
32.66250145107118,-64.20321304893778,25.686424984314144,31.200000000000003
32.86671155470196,-64.37324113030387,25.86037256468291,31.3
33.06070933016143,-64.53618564719694,26.036758152189385,31.400000000000002
33.249066319313535,-64.71193320807674,26.221868312978664,31.5
33.44392532024523,-64.88867252759432,26.42544484372842,31.6
33.62808347351366,-65.08066709882115,26.622102293779363,31.700000000000003
33.81178576661854,-65.27022827555476,26.816347383251742,31.8
33.99900861368856,-65.47230484653026,27.025030118764853,31.900000000000002
34.18540994897465,-65.66320845918989,27.23714010774174,32.0
34.37637881645228,-65.8484143990472,27.453727182318804,32.1
34.57377491152859,-66.02032881360319,27.672279468592883,32.2
34.77826104418078,-66.19314058510204,27.905232927021455,32.300000000000004
34.97598325381238,-66.3479429522718,28.137784805943582,32.4
35.1593977124228,-66.50146427529243,28.36352616829096,32.5
35.351218606523105,-66.6615118381061,28.58480569630619,32.6
35.52414409331396,-66.82608246411225,28.781846431055133,32.7
35.68123055186995,-66.98304894355695,28.986745167390584,32.800000000000004
35.842571586043796,-67.14968518443295,29.191166790164615,32.9
36.003876594826735,-67.32790507220088,29.410622395956317,33.0
36.17395522651543,-67.5083346017071,29.630346860137966,33.1
36.3461176862836,-67.70918147989758,29.847599550494408,33.2
36.51146030357179,-67.920044558187,30.06204123792199,33.300000000000004
36.69477978612847,-68.12449920786375,30.270771135451742,33.4
36.88382509649872,-68.31496030317464,30.488747369810625,33.5
37.07346671056817,-68.51189076626258,30.713705837305643,33.6
37.26704317849184,-68.69986929715024,30.94501602281748,33.7
37.4711151735687,-68.89320018015351,31.189500148985662,33.800000000000004
37.67716316469248,-69.06577845443053,31.427092396972945,33.9
37.90057079384792,-69.23637762087291,31.658170464924087,34.0
38.11913956466282,-69.41018026039725,31.893490192339247,34.1
38.342936690358066,-69.58971989996098,32.128566373831795,34.2
38.58815651963943,-69.7519841078237,32.36800579202109,34.300000000000004
38.833756383702486,-69.91304800241923,32.61358038993768,34.4
39.06912832211355,-70.076685662389,32.8424691471155,34.5
39.30849249175067,-70.23385136296173,33.06652603967033,34.6
39.563596529020685,-70.40327472016449,33.275939183423056,34.7
39.82094508447631,-70.56222709434113,33.50219160409036,34.800000000000004
40.073704797303236,-70.71039266018346,33.72805894006266,34.9
40.32473823713076,-70.84972162665092,33.96044950481909,35.0
40.56000775538844,-70.97428518962111,34.206640983117,35.1
40.78902164663102,-71.09489071725694,34.45777276327773,35.2
41.02064227553184,-71.22099929643123,34.70218830975909,35.300000000000004
41.25200736372275,-71.33538058541292,34.95203985778639,35.4
41.47966630859279,-71.44204488728812,35.17340597960739,35.5
41.71881291046656,-71.5661063269511,35.39114769201436,35.6
41.946762813394066,-71.7031145813713,35.62049767229511,35.7
42.170035704308454,-71.83665779697418,35.84937844678707,35.800000000000004
42.39807900349507,-71.96943279366647,36.06542929903714,35.9
42.63608497087616,-72.10714535619037,36.26591433230062,36.0
42.86980978664759,-72.22985032080793,36.474901582985225,36.1
43.100048081074945,-72.35604786246867,36.680672483157664,36.2
43.35105385533791,-72.4784260496071,36.89074379980201,36.300000000000004
43.612362464141185,-72.59841634515526,37.098224694988154,36.4
43.871707574453616,-72.71912265329756,37.3053333678092,36.5
44.13832898020242,-72.83930950258178,37.5197684414024,36.6
44.40414322015013,-72.95870999996285,37.714221508150274,36.7
44.67912073684487,-73.07464561258493,37.91865467599675,36.800000000000004
44.925135699757675,-73.16969747815921,38.12169194756167,36.9
45.182232490837855,-73.27514840300474,38.33085695817722,37.0
45.428795126286296,-73.38683701745722,38.559162282331435,37.1
45.673450937727104,-73.49635130317792,38.79616828379254,37.2
45.92306356804764,-73.60436139984718,39.0368238952783,37.300000000000004
46.196710354220556,-73.71294768448678,39.279490497231215,37.4
46.48086368435355,-73.8104787097968,39.53402740223974,37.5
46.771404316706835,-73.91943978423411,39.804898622571265,37.6
47.05048149512993,-74.02537450401904,40.0682270844026,37.7
47.3289172900871,-74.12802159970093,40.33476911838844,37.800000000000004
47.611572292586615,-74.21453158269223,40.605846495389414,37.9
47.891785728733225,-74.29140069400066,40.888818577279636,38.0
48.15972308672847,-74.36229580461058,41.17880238659297,38.1
48.42468480969011,-74.41943384708739,41.46728564003598,38.2
48.69090229718647,-74.47830260780704,41.7559246839548,38.300000000000004
48.946157033813876,-74.55157187735263,42.06050877850588,38.400000000000006
49.1929421569581,-74.63475507039279,42.34355897192091,38.5
49.433337662625426,-74.73116916136702,42.643029316937316,38.6
49.68383133918618,-74.83446475579302,42.96502402000716,38.7
49.94414267061685,-74.94100866405411,43.262024665928266,38.800000000000004
50.227363427773426,-75.06144829698283,43.54257132437981,38.900000000000006
50.5208098892501,-75.15749040584816,43.83696071101645,39.0
50.8198954419273,-75.24758497129685,44.1398842532409,39.1
51.126570280502364,-75.33486762250584,44.443849806504865,39.2
51.43261918779844,-75.42968991960349,44.74500860900016,39.300000000000004
51.72173852695256,-75.5254956129691,45.03628150042395,39.400000000000006
51.99982197293451,-75.61950236482316,45.34147441471118,39.5
52.287088584976495,-75.72921412271346,45.63677104763271,39.6
52.58376290889836,-75.84875075453914,45.92982134905427,39.7
52.88593775381047,-75.97797083091346,46.223925405537294,39.800000000000004
53.17477234377339,-76.1132045837273,46.52122728136174,39.900000000000006
53.447676996401,-76.24403358916152,46.818332779196915,40.0
53.72610654857278,-76.3726234532551,47.12907968133183,40.1
54.005788345771045,-76.50550737275994,47.44104955849707,40.2
54.29090312325967,-76.63790269156151,47.75342535257435,40.300000000000004
54.568997983870226,-76.77692701953859,48.05177509393363,40.400000000000006
54.86458861191265,-76.92838997986959,48.343195783314954,40.5
55.15299516729939,-77.07090369643115,48.631666975913355,40.6
55.45387914341286,-77.22015231923514,48.922928110133995,40.7
55.74640964899374,-77.3479494507614,49.20231326016434,40.800000000000004
56.04203836167689,-77.46940881347834,49.4858364011692,40.900000000000006
56.335814197771256,-77.5921663831926,49.76979765689386,41.0
56.62812001384934,-77.70528516173893,50.07586414263442,41.1
56.91485091207735,-77.83210197008104,50.38104780789148,41.2
57.227378903681895,-77.96695552410286,50.70262264120297,41.300000000000004
57.556683903427206,-78.10734496054175,51.02988730530632,41.400000000000006
57.9022728694038,-78.25152567439052,51.35511616580864,41.5
58.242045026240916,-78.40585395554622,51.6738522508603,41.6
58.569577780410405,-78.55984140201932,51.98488860360138,41.7
58.8994483936978,-78.72938780495446,52.2992337586646,41.800000000000004
59.23765429660129,-78.91887156431531,52.61731947942629,41.900000000000006
59.588136889429514,-79.12045173386308,52.95213092405637,42.0
59.942809672351395,-79.32908202196843,53.286384677909865,42.1
60.30306572439849,-79.53695225615965,53.626025991687825,42.2
60.654115040514796,-79.74312888211051,53.95153016049674,42.300000000000004
61.00405209601761,-79.95834458447602,54.269679029879754,42.400000000000006
61.36635008327253,-80.16264718563559,54.59391928047184,42.5
61.71772494288072,-80.3701138712921,54.93029050806371,42.6
62.07051697162532,-80.55438726154881,55.27059491404953,42.7
62.42522949153481,-80.74175181644753,55.61223472908318,42.800000000000004
62.778417313080496,-80.92203528457938,55.96344156728477,42.900000000000006
63.1237452400211,-81.1156310822468,56.29628635175532,43.0
63.474153080230835,-81.32026054597596,56.60760223029635,43.1
63.82844670648588,-81.49996001453079,56.918857399721986,43.2
64.19112524048543,-81.67884118950013,57.22912367261571,43.300000000000004
64.56299453931487,-81.86062510991137,57.542063868650146,43.400000000000006
64.93808081620627,-82.04908993485904,57.86492448817995,43.5
65.3114174955307,-82.24511221140163,58.19315020614546,43.6
65.67576949503724,-82.44085267637054,58.52128473414453,43.7
66.05098045020209,-82.63184615901065,58.849168992556145,43.800000000000004
66.43436906835895,-82.80893756616058,59.18263135403128,43.900000000000006
66.81786121271423,-82.99914733563402,59.50544257887566,44.0
67.19830111002598,-83.19545222712905,59.82638409069018,44.1
67.57930750658669,-83.38646019108052,60.14662061472412,44.2
67.96517891958565,-83.57682341088388,60.44710247309452,44.300000000000004
68.34165697864644,-83.76862750624446,60.7354873840365,44.400000000000006
68.72413432500718,-83.94512409328159,61.036059913495464,44.5
69.10447724265863,-84.10671341895024,61.338119117526446,44.6
69.4814493005989,-84.27443677125429,61.637153624692544,44.7
69.85453959035375,-84.44045596133458,61.93779387166914,44.800000000000004
70.22766034031014,-84.60210576971741,62.2503405813936,44.900000000000006
70.61027663162093,-84.77860455778475,62.53734807976904,45.0
71.00223612204412,-84.96877213283624,62.822107924125554,45.1
71.38249448220672,-85.17695951226352,63.11228239576412,45.2
71.77034439397235,-85.39091199569808,63.37654644448123,45.300000000000004
72.15273186125545,-85.6009464390786,63.6260213775106,45.400000000000006
72.53695292773634,-85.81113398095086,63.88128922553598,45.5
72.92236979790137,-86.03105221223193,64.148522788578,45.6
73.30620137233613,-86.2512434889081,64.4064236720293,45.7
73.68560012425898,-86.48028279272454,64.66259509488137,45.800000000000004
74.08211596098326,-86.72304110797029,64.90263090375466,45.900000000000006
74.49334350098246,-86.96789265998756,65.13597598524134,46.0
74.91497008785564,-87.2188003674022,65.3875811638635,46.1
75.3433759334422,-87.4745871888983,65.66075942461832,46.2
75.76572462979873,-87.7229530566743,65.9369306111772,46.300000000000004
76.20109073904923,-87.95570381248304,66.21342183922674,46.400000000000006
76.62892266959629,-88.18385484686239,66.48313591357876,46.5
77.0768884726186,-88.41064052793091,66.74919677241766,46.6
77.52670107869957,-88.65089747189472,67.00554149087145,46.7
77.98851782386,-88.89772335864825,67.25141709949843,46.800000000000004
78.45570109654568,-89.13269220385514,67.50448224123205,46.900000000000006
78.93284484608942,-89.37522899994774,67.74332927629825,47.0
79.42500193215272,-89.62099259442876,67.97966798119991,47.1
79.93044095963451,-89.86119388881576,68.22056556382238,47.2
80.4575300105653,-90.10783036550657,68.47074154772567,47.300000000000004
80.98518919274508,-90.35178091940875,68.73620221589307,47.400000000000006
81.51792673248775,-90.59034851252044,69.01238795743357,47.5
82.04701474493498,-90.83730820230551,69.27812560703387,47.6
82.55643919148847,-91.06370582079117,69.53283117297696,47.7
83.06365110180609,-91.29287157227573,69.79061080589813,47.800000000000004
83.5790203842491,-91.51343258887668,70.04255966443361,47.900000000000006
84.09271844955425,-91.73116780597276,70.29202161170726,48.0
84.62248997061961,-91.94399327355245,70.5488323368414,48.1
85.15889030437164,-92.1450840025573,70.80745327756259,48.2
85.68232231864411,-92.34217785204461,71.05956064934585,48.300000000000004
86.20046816609909,-92.53340806134437,71.32405085184345,48.400000000000006
86.71882672932142,-92.72154994051814,71.6055632037874,48.5
87.23959282433863,-92.88367498855011,71.89273065218767,48.6
87.74275129176428,-93.03826662037103,72.18370968443676,48.7
88.25880728673076,-93.18612643867925,72.47330415684603,48.800000000000004
88.76262029933434,-93.33607648956034,72.75439342471319,48.900000000000006
89.26062807743989,-93.48014075639722,73.05218173762387,49.0
89.76258257084366,-93.63616385385446,73.35441607721675,49.1
90.27650337911389,-93.79828478035488,73.6553102451429,49.2
90.7905710693314,-93.96825468998613,73.96268721740749,49.300000000000004
91.30342927806285,-94.1340292751783,74.26118926789405,49.400000000000006
91.81191290379105,-94.29258004679221,74.5559629868597,49.5
92.3376661680316,-94.45512718026225,74.85298355308286,49.6
92.87274534059088,-94.63185797106163,75.13239603118623,49.7
93.39256795000445,-94.79596292082674,75.40628992783067,49.800000000000004
93.9379725522747,-94.96571034657842,75.68202933750707,49.900000000000006
94.49879825407064,-95.11539684344851,75.97838378294985,50.0
95.0717076181725,-95.25484271506048,76.28066349788463,50.1
95.65240059303603,-95.39980044383573,76.57476122398519,50.2
96.23305982332546,-95.54646001883624,76.86432666959247,50.300000000000004
96.82068292808945,-95.68356654175105,77.15477618406268,50.400000000000006
97.423081333664,-95.83208995580719,77.44328910394009,50.5
98.01831151603251,-95.99927873603406,77.73097521695907,50.6
98.61232422331719,-96.15133301882851,78.02496944682359,50.7
99.19609506235858,-96.28484637595962,78.33117401364338,50.800000000000004
99.78568687843466,-96.42062457407921,78.62778418809593,50.900000000000006
100.37155662675002,-96.54551528600177,78.94324022560782,51.0
100.97285881034811,-96.6752944921422,79.24750008878682,51.1
101.57556985641531,-96.82275809193825,79.55499162910768,51.2
102.17680487661953,-96.97488205675299,79.84653613875587,51.300000000000004
102.78317589788944,-97.13233302996434,80.12638148004694,51.400000000000006
103.36082429702653,-97.2900591522262,80.42394933730472,51.5
103.95508528830909,-97.45235623705393,80.71549507395888,51.6
104.55403402215241,-97.62463717627354,81.01005872961123,51.7
105.16064355877958,-97.7846487832543,81.30362084449878,51.800000000000004
105.76521635790498,-97.95344021610262,81.58891415584594,51.900000000000006
106.36752436811136,-98.11855799388279,81.88334331345543,52.0
106.96180058881095,-98.26874888597335,82.17506123505449,52.1
107.55586313656704,-98.4264118948554,82.44253675405082,52.2
108.15876613828675,-98.57670646476653,82.70719899747597,52.300000000000004
108.76233904717871,-98.72184164250062,82.95623578233226,52.400000000000006
109.36062142929721,-98.85903417343849,83.19272967295686,52.5
109.96183939073737,-99.00979252242259,83.43388786340579,52.6
110.56270093735455,-99.17670218956575,83.68669344739929,52.7
111.15621656820375,-99.35171438107905,83.9415047233651,52.800000000000004
111.76121857254724,-99.53688479078212,84.19693279782939,52.900000000000006
112.37050874189403,-99.71512414441257,84.45412528784645,53.0
112.97612863284999,-99.90163940024951,84.71217921669398,53.1
113.5710271336861,-100.11736816092139,84.97459874358309,53.2
114.17496498293308,-100.35672624594869,85.22692096342509,53.300000000000004
114.78509437479009,-100.57550937627887,85.47945112034384,53.400000000000006
115.38794373723482,-100.7961214710201,85.74573004145408,53.5
115.98433345788831,-101.02472548582783,86.0071815273425,53.6
116.5711898924592,-101.25210279747562,86.2848797978156,53.7
117.16127711976127,-101.48200364414467,86.55965995559957,53.800000000000004
117.73573243897636,-101.70307339304225,86.83366174141341,53.900000000000006
118.30838295905554,-101.89221206626138,87.1106510563109,54.0
118.87351556863376,-102.08561431544257,87.39912482830036,54.1
119.43978088231738,-102.29339934440694,87.69679088963557,54.2
119.9993647551456,-102.48245139560912,88.00525743162792,54.300000000000004
120.55447540901724,-102.65869328319395,88.31440252872555,54.400000000000006
121.1181137996401,-102.83008784260585,88.61508405927327,54.5
121.67531669193978,-102.99118279384193,88.91241783649993,54.6
122.22848309960705,-103.1618289708715,89.21398760438251,54.7
122.80227475646674,-103.34315047704361,89.51579956683183,54.800000000000004
123.39018861888059,-103.52526839712817,89.82213524724365,54.900000000000006
123.96747854601297,-103.70310324624067,90.12659948500541,55.0
124.55462577310215,-103.86906423483752,90.45695935918737,55.1
125.14756933192346,-104.03176726026855,90.7892630763851,55.2
125.73698122781667,-104.19108544726495,91.11861277948144,55.300000000000004
126.32807773347257,-104.33722765890528,91.43789705692498,55.400000000000006
126.93057302473976,-104.4701987198722,91.75600064909861,55.5
127.51184976701687,-104.60924800071007,92.08707418673785,55.6
128.092897828671,-104.7582903038709,92.41309997516481,55.7
128.68235209059017,-104.9018652713497,92.73673644260008,55.800000000000004
129.26813810839118,-105.04935782031896,93.05114880819035,55.900000000000006
129.8700778830869,-105.20007357398032,93.37773275898888,56.0
130.48723081830184,-105.3408062186602,93.70000050666023,56.1
131.10842105442015,-105.481780819404,94.01323123572428,56.2
131.73285488335566,-105.63454581805938,94.33833875867295,56.300000000000004
132.3526425393182,-105.78529922015603,94.66627916033707,56.400000000000006
132.96984114554368,-105.93018568423794,94.98947052543497,56.5
133.59575272474376,-106.08853194512231,95.31392568632833,56.6
134.2410535939344,-106.25688151925274,95.63160339751644,56.7
134.89149354162163,-106.42343527556378,95.9527874096973,56.800000000000004
135.54682536061034,-106.58364181718919,96.2850684202977,56.900000000000006
136.20625536616834,-106.7462609353608,96.62407516791015,57.0
136.88468419107528,-106.91020639099622,96.95333662247589,57.1
137.5741838226751,-107.07535565827119,97.26087138158148,57.2
138.27215767104644,-107.24585820740569,97.56750080786404,57.300000000000004
138.97345132272346,-107.4144557597424,97.88122475231798,57.400000000000006
139.67039011069477,-107.57792225409734,98.19235322999609,57.5
140.37471700347496,-107.73523507361216,98.49412732065375,57.6
141.0899037174169,-107.89790752757813,98.80398198929421,57.7
141.80876330449286,-108.04219814477614,99.11160199811097,57.800000000000004
142.52412972360764,-108.18668295803302,99.41619020909938,57.900000000000006
143.24749556174183,-108.34733087737428,99.71024159589633,58.0
143.96018337066022,-108.4984757207958,100.0213991164191,58.1
144.67182668739324,-108.65130878144922,100.333257158573,58.2
145.39508878715233,-108.81341537344454,100.64749889055425,58.300000000000004
146.12810286320928,-108.97051102374047,100.96363643870149,58.400000000000006
146.87112740019188,-109.15463899696638,101.28655274004403,58.5
147.6076111803432,-109.35707329916086,101.61458106738182,58.6
148.35783154594617,-109.56088208650162,101.95213814019164,58.7
149.124174694129,-109.75154172930654,102.30609485829517,58.800000000000004
149.89793911722256,-109.94144703572245,102.64403191827974,58.900000000000006
150.66924291543484,-110.1397848080915,103.00367840543927,59.0
151.43878785552278,-110.33689053239273,103.36883974635921,59.1
152.20876882007445,-110.51704574628964,103.72777459366182,59.2
152.9806958591785,-110.70462566604353,104.07350921585221,59.300000000000004
153.74650520737347,-110.8925759537679,104.41495081579744,59.400000000000006
154.5053903457697,-111.094589416129,104.75556136001637,59.5
155.24922828042565,-111.28900231885319,105.09699630176465,59.6
155.97849070008695,-111.4865073123479,105.43090967945702,59.7
156.71094486485242,-111.67060780138236,105.74607133245293,59.800000000000004
157.44454929040938,-111.85630961837249,106.06794638621335,59.900000000000006
158.18028568224872,-112.04953112868002,106.3866309006171,60.0
158.90806181552003,-112.23199256760155,106.70552853150758,60.1
159.65484985564885,-112.41506061466123,107.01734209472895,60.2
160.38650075185154,-112.61616005848347,107.31331429852025,60.300000000000004
161.12082291456434,-112.81217225207341,107.59347459529124,60.400000000000006
161.86409546041793,-113.01301505618018,107.87510282218209,60.5
162.62349021255406,-113.2048894671283,108.15404574259388,60.6
163.37397304243603,-113.4182820320897,108.42579712981325,60.7
164.12234456992974,-113.64154639232264,108.69623594736169,60.800000000000004
164.871484616253,-113.86705931237364,108.9601747391019,60.900000000000006
165.62231120929596,-114.08815282592896,109.21320954006768,61.0
166.38724712613637,-114.31023222080711,109.46643283726291,61.1
167.15926518720934,-114.52997945437262,109.72918750079728,61.2
167.93415448993434,-114.75585106168455,109.9955571995837,61.300000000000004
168.69760653058614,-114.98063707193872,110.26159459846367,61.400000000000006
169.4589774026652,-115.20670845730726,110.50881350688867,61.5
170.21486102566686,-115.43185139366439,110.75763097923365,61.6
170.96046789725926,-115.64433725161288,110.99778670309648,61.7
171.71576934085692,-115.85255116594266,111.23148015386087,61.800000000000004
172.4888238933807,-116.07270144859,111.47436514636136,61.900000000000006
173.2718842690849,-116.2995579333281,111.7311747918625,62.0
174.0524441796431,-116.52352748177341,111.99058765575136,62.1
174.83166100278657,-116.73938894748711,112.25793540684573,62.2
175.5933925061977,-116.94220701077204,112.50865823805975,62.300000000000004
176.36544947165223,-117.13375802268868,112.74847140497161,62.400000000000006
177.13339829422722,-117.3363660812902,112.98613536158058,62.5
177.89826677396036,-117.53117753456901,113.23690240565075,62.6
178.6770920918014,-117.7316106681136,113.48557723098348,62.7
179.43908302772022,-117.94010250232317,113.74390057264718,62.800000000000004
180.21722979187453,-118.16093782525154,113.99629927171935,62.900000000000006
180.99511249845924,-118.3789715365917,114.24060193559231,63.0
181.77723581548858,-118.60174364140258,114.48476007675649,63.1
182.56482197499798,-118.82445152351534,114.72455435901539,63.2
183.3513120364681,-119.04804303522015,114.96064853097548,63.300000000000004
184.13521413731155,-119.25564807521992,115.20235189741497,63.400000000000006
184.91616143497473,-119.45628357117458,115.44071706895691,63.5
185.70883997901376,-119.65322264520726,115.67800921905881,63.6
186.5059956923109,-119.86587048076063,115.90403369447161,63.7
187.29121215554406,-120.07708888536636,116.14738331987925,63.800000000000004
188.09874162023914,-120.28192677895768,116.39574139003635,63.900000000000006
188.8882605075927,-120.49219141054634,116.63622162267436,64.0
189.67157091896374,-120.70413748032085,116.8719809495354,64.10000000000001
190.435088332231,-120.90860444753419,117.09701284613904,64.2
191.2009982141394,-121.09233058805002,117.31285089682682,64.3
191.94160522082032,-121.27891677078466,117.53969854386457,64.4
192.70179570204346,-121.47779844946382,117.7715131831347,64.5
193.45733307869878,-121.67773961168602,118.029771255875,64.60000000000001
194.19784075207016,-121.87514337729328,118.29270626033296,64.7
194.94920628869093,-122.07156731136583,118.55872177018595,64.8
195.6966553396375,-122.26529997602591,118.82130535728398,64.9
196.4503201094826,-122.46272874404644,119.08765994832102,65.0
197.20369225119086,-122.64889700955925,119.35350060212217,65.10000000000001
197.93933406821705,-122.82244606006492,119.6102839329147,65.2
198.66843822185675,-123.00195172351103,119.88081164463894,65.3
199.37618563335667,-123.15007990162053,120.16189992445383,65.4
200.08616543399788,-123.2987570197362,120.44584374501731,65.5
200.8013564589229,-123.44098198199237,120.73534361024082,65.60000000000001
201.51744329066045,-123.58518032845161,121.02333074262779,65.7
202.2315810395945,-123.71804097394218,121.31725344223757,65.8
202.91631490218188,-123.84434261166746,121.61312350379454,65.9
203.60086167720482,-123.97452943392362,121.92023469255138,66.0
204.29488371684897,-124.11244503285802,122.23141640417946,66.10000000000001
204.97918918914772,-124.26415681344031,122.53633094356164,66.2
205.6721185961703,-124.40633734356884,122.84637633714479,66.3
206.37229896106135,-124.54335609082621,123.15000691477572,66.4
207.07679855139915,-124.6723707428313,123.46118040570477,66.5
207.7931872754517,-124.7943023563644,123.77586837870923,66.60000000000001
208.5202775018874,-124.91649918248997,124.08173760520143,66.7
209.24573705868366,-125.04614503506362,124.38085504894387,66.8
209.96975142877278,-125.18371508684726,124.67689287738993,66.9
210.67482965219236,-125.31915220155717,124.97294276058962,67.0
211.37173698930124,-125.44799685958276,125.27836834516556,67.10000000000001
212.05256872776644,-125.584468765394,125.57610250624363,67.2
212.72400143522054,-125.71264592278594,125.87189840593398,67.3
213.39278899426154,-125.86086170382194,126.17404848592642,67.4
214.049183969354,-126.00847815855528,126.47897233529844,67.5
214.71918553040487,-126.1691828172798,126.75370106311225,67.60000000000001
215.39102558690325,-126.31188236418923,127.04081925445546,67.7
216.0649622375544,-126.45949827295497,127.33600867176504,67.8
216.7291634262085,-126.60235060402715,127.63625279066629,67.9
217.40396671393756,-126.71760633471023,127.94042106923932,68.0
218.0736803654096,-126.83311780851521,128.22689858876348,68.10000000000001
218.7364468855707,-126.95272210670133,128.50813522430826,68.2
219.40073695445216,-127.08055060421127,128.8005821665263,68.3
220.0650290939828,-127.2084721049326,129.08975016157922,68.4
220.730873140352,-127.32814262300725,129.37024685447503,68.5
221.39013602183047,-127.45085040136968,129.6372848381361,68.60000000000001
222.04120632471174,-127.57832038846755,129.9130667136043,68.7
222.694902240883,-127.70385447645174,130.19735756869417,68.8
223.3472244391703,-127.82548391593664,130.48061620625472,68.9
224.00220026095158,-127.95294094199767,130.73948667223252,69.0
224.655833291111,-128.06617048669767,131.00761929223273,69.10000000000001
225.31912029611635,-128.16703872417963,131.27663848814254,69.2
225.98438045819574,-128.27408348061593,131.54249695549208,69.3
226.65579833177284,-128.36908939268054,131.8069609600848,69.4
227.32271431270144,-128.4640900251566,132.07743703216684,69.5
227.9751917454687,-128.582052467164,132.34240773575397,69.60000000000001
228.6154620539768,-128.70509631114788,132.6059006361529,69.7
229.2511998783947,-128.81361547978707,132.87266098419786,69.8
229.88994244640867,-128.91591257698582,133.128033001065,69.9
230.53907613229686,-129.0189673170499,133.39010982410457,70.0
231.17749124585464,-129.13755964477417,133.6603655437244,70.10000000000001
231.8196704546734,-129.265172488042,133.92192463253147,70.2
232.47310401133632,-129.40467945023852,134.1999104508711,70.3
233.11753136065275,-129.53780249317896,134.47461008445325,70.4
233.76799058428,-129.67636667614053,134.74768178897466,70.5
234.4188589996612,-129.82495273365993,135.02816173695027,70.60000000000001
235.0645952793777,-129.97582479033272,135.2986981911798,70.7
235.68470822250623,-130.12860712463151,135.59336079962546,70.8
236.31266720851374,-130.28158206272764,135.88539449977904,70.9
236.94085085344938,-130.42908580967202,136.16562007177953,71.0
237.5801777153317,-130.56943574346198,136.4530275010371,71.10000000000001
238.22388933460212,-130.70958951067502,136.74716354265433,71.2
238.87351909520996,-130.85328368499745,137.0355635665426,71.3
239.52416741877042,-130.98148765780493,137.31157251967434,71.4
240.16014048967335,-131.10804402220006,137.58809034982463,71.5
240.79784697722,-131.2321608546161,137.86237615742857,71.60000000000001
241.45045209915264,-131.3722867268169,138.1283769947847,71.7
242.1020246734838,-131.52884448712925,138.3926192880965,71.8
242.77021194947227,-131.68519338255862,138.65916859046553,71.9
243.425797577809,-131.8477058920684,138.9219659290313,72.0
244.07820605517816,-131.99740196362814,139.1903401782043,72.10000000000001
244.71949995297794,-132.14463298740355,139.4636966448623,72.2
245.37219534116295,-132.27605860431328,139.726902169602,72.3
246.01678215423584,-132.42005999981217,139.98776749575063,72.4
246.6660325510532,-132.55418805014517,140.24787331166286,72.5
247.31208447263802,-132.68679852055567,140.49962769855878,72.60000000000001
247.9790317814398,-132.83548560123737,140.75322949124364,72.7
248.66621515243386,-132.98410468347345,141.0049308935785,72.8
249.34982406919983,-133.13452768252716,141.2703607806601,72.9
250.0113143668525,-133.2696163445679,141.52155109621722,73.0
250.67013814121282,-133.40899745081163,141.77862694447205,73.10000000000001
251.3129806720543,-133.54375683039453,142.05594588895974,73.2
251.94219146284985,-133.67661914830134,142.32664501166946,73.3
252.57566112570734,-133.809289988434,142.59092926528874,73.4
253.21400951141354,-133.92391734746877,142.85330448099074,73.5
253.8595554765412,-134.05147743608228,143.1061153329246,73.60000000000001
254.5098255044477,-134.16419636441043,143.36248231834628,73.7
255.15696495204895,-134.27692237868433,143.60634522642826,73.8
255.81014955291374,-134.380825062335,143.84568723118193,73.9
256.45863373230094,-134.48206896368913,144.08066203857518,74.0
257.1064565855419,-134.56231564715162,144.31316658896097,74.10000000000001
257.7506960372626,-134.64903774867045,144.55311305906176,74.2
258.3931232472512,-134.7422535805725,144.8062725694853,74.3
259.0497464872849,-134.84147364813194,145.0407666803952,74.4
259.71644486421695,-134.94754001394898,145.28316704729673,74.5
260.3634422029719,-135.044680406383,145.51345569490547,74.60000000000001
261.0177471829175,-135.14167806813867,145.73420494832024,74.7
261.66798179973387,-135.23181254532477,145.95601314626617,74.8
262.32406054635493,-135.30218261666573,146.162178928095,74.9
262.99631141872567,-135.37150912863146,146.35935686944057,75.0
263.65525915483903,-135.44272684450496,146.5657513119054,75.10000000000001
264.3129313997486,-135.498833011076,146.7576339974697,75.2
264.9704827551797,-135.56746311209113,146.95315300186024,75.3
265.63690298451183,-135.6403008310431,147.12262986768454,75.4
266.3053126953119,-135.70877116447772,147.29614968105844,75.5
266.9860802280302,-135.78795203470884,147.47647165548685,75.60000000000001
267.67877283587325,-135.88491878078003,147.65999014817444,75.7
268.36642364540626,-135.98270075358224,147.84698540569744,75.8
269.0492021692981,-136.08723980717605,148.0343221873953,75.9
269.7211082338013,-136.2026371120587,148.22845270192272,76.0
270.38152635795296,-136.3113712919323,148.4272091293787,76.10000000000001
271.0246864148167,-136.42688111832922,148.63790665086515,76.2
271.658034816369,-136.54703498734924,148.8532247812841,76.3
272.29921712301416,-136.6697042452297,149.06256780975613,76.4
272.9546231282763,-136.77498450647218,149.281699418736,76.5
273.6108823149641,-136.88834742493108,149.4925265836503,76.60000000000001
274.2723666427046,-136.9975263611811,149.71736973449404,76.7
274.9403554713704,-137.12173610044871,149.95273236151505,76.80000000000001
275.5983636937631,-137.24978555243587,150.19059699059855,76.9
276.2763285910536,-137.34673581886295,150.4345288502734,77.0
276.9524615221569,-137.43834102880524,150.68733726420703,77.10000000000001
277.6253877770046,-137.5119941251884,150.94244638573255,77.2
278.3032914627433,-137.57898797905102,151.2017713733642,77.30000000000001
278.9895845534866,-137.6521543647791,151.4555133434564,77.4
279.66487610190023,-137.72092573820098,151.71704467858373,77.5
280.3447453789754,-137.77295218728938,151.97852005352277,77.60000000000001
281.0313020726065,-137.83589564513917,152.23612443143708,77.7
281.7248141438132,-137.89034808188154,152.49078913987472,77.80000000000001
282.41761022250137,-137.95997925609072,152.74188355630432,77.9
283.1193101328247,-138.02385838013882,152.99798462994772,78.0
283.82150778001983,-138.08766687260064,153.24748249219638,78.10000000000001
284.53069371141703,-138.14726563561857,153.50190054292497,78.2
285.2346192943875,-138.2283978278352,153.7672901207711,78.30000000000001
285.93375650279796,-138.31815777769228,154.03961448773637,78.4
286.6289735848092,-138.39731836370888,154.3181089141974,78.5
287.3310263600525,-138.4901385068375,154.6087227805123,78.60000000000001
288.03569164060804,-138.58665142135857,154.90077053150063,78.7
288.7225945688346,-138.67907780776483,155.1825245674071,78.80000000000001
289.39597079420275,-138.78672778603328,155.4754054870635,78.9
290.06305438563396,-138.87904048720256,155.76292839208938,79.0
290.71306439748923,-138.98251843277134,156.06280941331534,79.10000000000001
291.36151542756517,-139.09147925130503,156.36429061679982,79.2
292.01498428500275,-139.18926608167968,156.68025681258322,79.30000000000001
292.6648554559825,-139.30031338891516,156.9920883567554,79.4
293.31732943202803,-139.42099828541274,157.2943483917786,79.5
293.9732412868891,-139.542169705426,157.59693639675595,79.60000000000001
294.62156818840316,-139.66564513258135,157.8902820702906,79.7
295.27879707402843,-139.77876806638946,158.16516586520288,79.80000000000001
295.9267308510518,-139.90685629274847,158.43354942077107,79.9
296.57383024837725,-140.04944097130445,158.69271437820802,80.0
297.2108900719819,-140.18995297656645,158.95257277901533,80.10000000000001
297.84073252005317,-140.32869677310705,159.20696437897678,80.2
298.4678584170212,-140.45070604874468,159.4747605894561,80.30000000000001
299.08198850161995,-140.56441800020352,159.75067076548038,80.4
299.68463595333117,-140.6699421752248,160.04196026068877,80.5
300.2760579569799,-140.78464137845623,160.3434263705656,80.60000000000001
300.87019491373695,-140.89382581893526,160.64829837260643,80.7
301.46823882970324,-141.0162749806974,160.96364355171346,80.80000000000001
302.0779786455938,-141.14101804990023,161.27855396132236,80.9
302.6724073864589,-141.26061857154286,161.5991849453484,81.0
303.2662142171539,-141.3689755595868,161.91647515706467,81.10000000000001
303.86566710710787,-141.48752919101764,162.23352984727217,81.2
304.4633764544828,-141.6038297432281,162.54688926819134,81.30000000000001
305.059771075901,-141.71186982372413,162.85588104673812,81.4
305.64009992631185,-141.8024140651781,163.1786873660718,81.5
306.20750614977163,-141.88606122857965,163.49646393769999,81.60000000000001
306.7775472453847,-141.96676615069103,163.811896431325,81.7
307.33975068434194,-142.05437648332557,164.11816700579521,81.80000000000001
307.89363590121684,-142.1426585988606,164.4172799803743,81.9
308.4543416387489,-142.2160682528423,164.7105924225397,82.0
309.01744142128626,-142.28448105572096,165.00862488741427,82.10000000000001
309.58130075650286,-142.34546703441603,165.31147984181567,82.2
310.13278346749615,-142.3977614524672,165.62320770458973,82.30000000000001
310.6766333174477,-142.4496764921639,165.9417688572919,82.4
311.2183900292034,-142.4908617513829,166.28396873494026,82.5
311.75228688063277,-142.54585745663348,166.62920679854466,82.60000000000001
312.2933993571134,-142.6031618256225,166.98897746878228,82.7
312.8211257755968,-142.6535370083812,167.34268953081232,82.80000000000001
313.36604597314226,-142.6839870376082,167.6887350269645,82.9
313.9054705993286,-142.70584118796543,168.03090921661882,83.0
314.4444411133357,-142.72744145411724,168.35388667471116,83.10000000000001
314.9832732498818,-142.75593899800967,168.6719329045795,83.2
315.5365417064626,-142.7970016108449,168.99811118631533,83.30000000000001
316.08702053374003,-142.84086182536507,169.33219318701165,83.4
316.6408998739632,-142.87901590991305,169.6759570343133,83.5
317.1914661303545,-142.92329236180612,170.0088693763494,83.60000000000001
317.73377828144606,-142.93807786944612,170.35422851419284,83.7
318.2625796888755,-142.96608795665355,170.70440631265348,83.80000000000001
318.7968537442788,-142.9886092055078,171.05203455317857,83.9
319.329873257082,-143.00785165912046,171.4005217237666,84.0
319.84069976615774,-143.02939210903887,171.740494830012,84.10000000000001
320.3532783894226,-143.02107996893125,172.0841427529122,84.2
320.8627217158257,-143.00354981380386,172.43261755468444,84.30000000000001
321.37636598713334,-142.9799511527443,172.801657792105,84.4
321.8787013740877,-142.95161617091662,173.16143421822574,84.5
322.3865918875055,-142.9324680542038,173.51703697621042,84.60000000000001
322.89153150178095,-142.90356177029756,173.88182427863453,84.7
323.3840139422919,-142.8741061452813,174.23951578251115,84.80000000000001
323.86391133369614,-142.84682069076928,174.59412245850322,84.9
324.3680758899638,-142.81520563800365,174.93495295948773,85.0
324.86659270618975,-142.77337675228372,175.29666788820094,85.10000000000001
325.3492496892933,-142.7503471104152,175.6770924686679,85.2
325.83580281417056,-142.73600039586543,176.06286333999606,85.30000000000001
326.2959984616577,-142.7216199262497,176.45191242305265,85.4
326.76543681054017,-142.7173784161569,176.84181837772329,85.5
327.22562091316206,-142.71058306850733,177.2227708691703,85.60000000000001
327.68172400739235,-142.71374587480568,177.61023472303552,85.7
328.1464116127892,-142.7192548868036,177.99808095685034,85.80000000000001
328.59661330403975,-142.7277606652816,178.38542514449475,85.9
329.07302292620057,-142.74738611401733,178.78741110452668,86.0
329.559401136096,-142.76420519870817,179.20698326940058,86.10000000000001
330.0495004007176,-142.77713269144232,179.6260242277443,86.2
330.5518353541633,-142.77909549183838,180.03880841321305,86.30000000000001
331.04097783566306,-142.78308809860837,180.44359221303782,86.4
331.5294850714166,-142.77470632403154,180.84380299631172,86.5
332.0175640733571,-142.76574432210663,181.2524980884077,86.60000000000001
332.48317418195774,-142.76284932312936,181.66330601742644,86.7
332.9607850801226,-142.76487334862716,182.05534841938479,86.80000000000001
333.44459309274714,-142.77325099801322,182.4354941547522,86.9
333.92215765147455,-142.78347390097582,182.80959244347426,87.0
334.377666549631,-142.78472614196957,183.1964394826091,87.10000000000001
334.83969066770084,-142.79735523966755,183.58127160640447,87.2
335.3016495726184,-142.80399639346993,183.972787135087,87.30000000000001
335.7562667395481,-142.80981759170817,184.3688754678157,87.4
336.22544212969933,-142.80859372454816,184.77285436741818,87.5
336.69545578612986,-142.7932652659361,185.18093089498024,87.60000000000001
337.1568585634586,-142.7639031076228,185.59598645526768,87.7
337.6138309005761,-142.7393358789835,186.01400777100653,87.80000000000001
338.07543508564623,-142.71279572768788,186.43514217347982,87.9
338.5540388444622,-142.6755401448699,186.85818293186574,88.0
339.0420557090858,-142.6486098010872,187.28520296075112,88.10000000000001
339.5481656372067,-142.62385991625843,187.70374665035033,88.2
340.0477546764417,-142.61000636180307,188.11444272086825,88.30000000000001
340.5436386346908,-142.61020847753952,188.52529497472568,88.4
341.04854536467775,-142.61948815507742,188.95134006781953,88.5
341.55856001555,-142.6184620267591,189.37080681537483,88.60000000000001
342.07711991869286,-142.6283552374447,189.7991760379385,88.7
342.5973982152337,-142.6327159359305,190.21578931444594,88.80000000000001
343.1087258133518,-142.63110435223373,190.62291911091114,88.9
343.62468547439084,-142.64316414660158,191.038530649503,89.0
344.1283199022822,-142.6497009415926,191.46039849743133,89.10000000000001
344.6249866119893,-142.6504174709128,191.884870767993,89.2
345.11626490313444,-142.66121954707376,192.2897167816379,89.30000000000001
345.6110396947526,-142.68766965094832,192.69551623727725,89.4
346.10318000420995,-142.70732832706852,193.0982952379217,89.5
346.59202583580384,-142.71966829614584,193.50442481885696,89.60000000000001
347.08403322696955,-142.72731558932506,193.89519867856018,89.7
347.5836085049351,-142.72883819456416,194.27580570697762,89.80000000000001
348.0807429781639,-142.73075387267954,194.65506776755106,89.9
348.58121605105845,-142.7183558829766,195.0451474954012,90.0
349.06856693201865,-142.6997371933706,195.44851655644672,90.10000000000001
349.55978589818574,-142.67020869951273,195.87200832194924,90.2
350.0612419598139,-142.63818711969844,196.30595097219262,90.30000000000001
350.56414689977305,-142.6059265094513,196.73637948007885,90.4
351.0826859733205,-142.5818501858636,197.18213166521187,90.5
351.60622368810533,-142.5717669240239,197.6315603432748,90.60000000000001
352.10876113781364,-142.5554285820159,198.0898413361676,90.7
352.60537502796547,-142.53785476304836,198.56766390339791,90.80000000000001
353.0969314510747,-142.53087001995138,199.06030310465286,90.9
353.6081137460892,-142.52384832013593,199.5630569362619,91.0
354.132710800259,-142.52425146264585,200.06095770951723,91.10000000000001
354.66961659956036,-142.50780446236868,200.56448729137432,91.2
355.1977242553267,-142.47148685097451,201.06270716425328,91.30000000000001
355.7224805332813,-142.43174586123544,201.5764686413394,91.4
356.2557765710015,-142.38785621649276,202.09486300372672,91.5
356.78950775540807,-142.3383851766049,202.58796176533707,91.60000000000001
357.32027286522396,-142.28650091736787,203.06955038611125,91.7
357.85490120821794,-142.2366613703407,203.56869376386857,91.80000000000001
358.40525974846406,-142.1914798790047,204.06632876451022,91.9
358.9548788130541,-142.15081498243032,204.56591401499216,92.0
359.4969150569553,-142.12145623920532,205.0717263777131,92.10000000000001
360.0452465966987,-142.1001406535769,205.58649229474167,92.2
360.58726235915043,-142.0762934155681,206.10946165189637,92.30000000000001
361.12894199595513,-142.0478987684379,206.62726671261217,92.4
361.66865696692554,-142.0215627156165,207.13760598986258,92.5
362.20660419626483,-142.01071284578376,207.64303372964156,92.60000000000001
362.7417026706704,-142.00242477347595,208.14604649496184,92.7
363.2761835030774,-141.98934228598728,208.65780443102344,92.80000000000001
363.8041666832159,-141.9882918070525,209.15914192296262,92.9
364.3272778341424,-141.99076054129588,209.6527794542398,93.0
364.8374278184265,-141.99779048381401,210.14823125171813,93.10000000000001
365.3535280973689,-142.0103946568632,210.63955307097504,93.2
365.86036139322283,-142.02331322161618,211.12239060389004,93.30000000000001
366.37292596720914,-142.0540904512885,211.6016318400805,93.4
366.88850161458737,-142.08302933579756,212.10780341291078,93.5
367.4075752622113,-142.12200876627506,212.61302034327016,93.60000000000001
367.90888644650056,-142.16179419424552,213.10990671305953,93.7
368.4193515335454,-142.20707502496194,213.60562542369095,93.80000000000001
368.92346104217626,-142.23496734215982,214.0981317066612,93.9
369.4458961212419,-142.2547181417365,214.5954586569048,94.0
369.9720185317807,-142.27053096833103,215.07350888135497,94.10000000000001
370.495352108378,-142.2778922152137,215.55107013397037,94.2
371.0046337865072,-142.2857775066022,216.04567244174834,94.30000000000001
371.5263843817918,-142.2942828380843,216.54978924229687,94.4
372.0444699068727,-142.3198268854347,217.0446613829641,94.5
372.5781843196387,-142.3481108636034,217.5370996838376,94.60000000000001
373.10890035044196,-142.35735347587638,218.04579757386472,94.7
373.6618041835797,-142.36818654025333,218.5574517087793,94.80000000000001
374.19954159122324,-142.36425026036912,219.0574280481812,94.9
374.7394467545044,-142.37128700576122,219.55151571931572,95.0
375.2709792934751,-142.38440250376007,220.04021216341874,95.10000000000001
375.7970291444965,-142.38918466264113,220.51785997959115,95.2
376.325284409788,-142.38178722999913,220.99037583211842,95.30000000000001
376.8463604861721,-142.37669504360895,221.47468893672928,95.4
377.3693776388657,-142.37691500016484,221.96384080785202,95.5
377.88137187006095,-142.3703213616163,222.45707875205179,95.60000000000001
378.3902880165448,-142.37211358105222,222.94144988702874,95.7
378.9045523363921,-142.36161599546324,223.4194479445354,95.80000000000001
379.4234005232749,-142.3719886800603,223.89159982473547,95.9
379.941938120829,-142.39145819882717,224.35438664118766,96.0
380.4537979228184,-142.40800579031077,224.81530016745577,96.10000000000001
380.9432754124746,-142.44576038332073,225.2701450419453,96.2
381.4373297679913,-142.51099002475794,225.71999261467334,96.30000000000001
381.92612164494284,-142.56233628841306,226.16598996928425,96.4
382.4187434117418,-142.61226998066732,226.59068165909707,96.5
382.919047250707,-142.66004970786702,227.02045603530664,96.60000000000001
383.45861346673667,-142.72867056446168,227.46747737801383,96.7
383.9953052075723,-142.79441813201234,227.914043598268,96.80000000000001
384.5277545850739,-142.86586402884538,228.3639049058779,96.9
385.04503222560885,-142.9298041340032,228.80960426943895,97.0
385.55100917275337,-142.99824436774097,229.26787512516862,97.10000000000001
386.0516327690277,-143.06310006529665,229.71883641814114,97.2
386.5598355838013,-143.12110068546443,230.18828379944662,97.30000000000001
387.06628275911993,-143.17241475758462,230.6587118561475,97.4
387.58568865225715,-143.2309171535809,231.13658996597715,97.5
388.1031475724332,-143.29006143134825,231.61538560065128,97.60000000000001
388.6231288965735,-143.35036799954685,232.09632836715713,97.7
389.15889140128945,-143.4008200708893,232.58596267958794,97.80000000000001
389.69009851074514,-143.460164550514,233.08514999760112,97.9
390.23006608812614,-143.50478232338122,233.57829750935463,98.0
390.76773817895355,-143.56579493787368,234.0675203100475,98.10000000000001
391.31537597488676,-143.63147250615842,234.5631479086924,98.2
391.86110873975997,-143.69390950416096,235.04729859343914,98.30000000000001
392.4076935991295,-143.78625786187249,235.52958031660427,98.4
392.93797372606195,-143.86654627441857,236.01963611329703,98.5
393.472920562814,-143.93162462469306,236.50020274478155,98.60000000000001
394.0253410315452,-143.98738105932492,236.97840382339388,98.7
394.5891177017483,-144.0542004290809,237.44835976039093,98.80000000000001
395.14680847471897,-144.12630957591753,237.90775012096037,98.9
395.71673007836057,-144.20100726675787,238.37066553121338,99.0
396.28094816833806,-144.29391099060368,238.8362815150503,99.10000000000001
396.8260437085613,-144.38750105491033,239.2882143484989,99.2
397.3910120087769,-144.47197749199526,239.74120471986024,99.30000000000001
397.96861737576904,-144.56491708885483,240.19962988500825,99.4
398.5482208470984,-144.65521648490108,240.67077858515734,99.5
399.1351492394555,-144.74262864431907,241.12537841094414,99.60000000000001
399.7124771688598,-144.831267893073,241.5809119604737,99.7
400.2785030610174,-144.89579037507116,242.05160945055582,99.80000000000001
400.8505501363789,-144.95959248845648,242.5201848509389,99.9
